type,name,module,path,hash
"csv","agent-manifest","_cfg","bmad/_cfg/agent-manifest.csv","a897f5f5ebb98aedcc4ff36d0e67c0da5d8edb9ba9f438d56acd436be5379290"
"csv","task-manifest","_cfg","bmad/_cfg/task-manifest.csv","0bf3eabba67a0f01627105d16face2552e071fb2139ed22d4d211e80ab2f2114"
"csv","workflow-manifest","_cfg","bmad/_cfg/workflow-manifest.csv","a3ff52ced01e9efa9b7daffe782b8e34c5c2ad486edd4efbde3f014689dd4f28"
"yaml","manifest","_cfg","bmad/_cfg/manifest.yaml","687bc7ed8be289423b321df1a80ca6aed3af086467eef0bfb3bbc75e52849638"
"csv","default-party","bmm","bmad/bmm/teams/default-party.csv","92f7c52a3a1441e5139e11e91eddeb4f1bca83e73ddcd291ec36401a1f4c39db"
"csv","documentation-requirements","bmm","bmad/bmm/workflows/document-project/documentation-requirements.csv","d1253b99e88250f2130516b56027ed706e643bfec3d99316727a4c6ec65c6c1d"
"csv","domain-complexity","bmm","bmad/bmm/workflows/2-plan-workflows/prd/domain-complexity.csv","ed4d30e9fd87db2d628fb66cac7a302823ef6ebb3a8da53b9265326f10a54e11"
"csv","pattern-categories","bmm","bmad/bmm/workflows/3-solutioning/architecture/pattern-categories.csv","d9a275931bfed32a65106ce374f2bf8e48ecc9327102a08f53b25818a8c78c04"
"csv","project-types","bmm","bmad/bmm/workflows/2-plan-workflows/prd/project-types.csv","30a52051db3f0e4ff0145b36cd87275e1c633bc6c25104a714c88341e28ae756"
"csv","tea-index","bmm","bmad/bmm/testarch/tea-index.csv","23b0e383d06e039a77bb1611b168a2bb5323ed044619a592ac64e36911066c83"
"json","project-scan-report-schema","bmm","bmad/bmm/workflows/document-project/templates/project-scan-report-schema.json","53255f15a10cab801a1d75b4318cdb0095eed08c51b3323b7e6c236ae6b399b7"
"md","agents-guide","bmm","bmad/bmm/docs/agents-guide.md","d1466c9ac38ddceefc7598282699f0a469383909831f2a70227119c26a20d074"
"md","analyst","bmm","bmad/bmm/agents/analyst.md","72395209f4d67eee85398864df785a36a209996126354a37093f927dd4571d37"
"md","architect","bmm","bmad/bmm/agents/architect.md","9973d6948660b7f8cb1a05ab84c71cb34a207da82909a9815edc3d04ae7b65fb"
"md","architecture-template","bmm","bmad/bmm/workflows/3-solutioning/architecture/architecture-template.md","a4908c181b04483c589ece1eb09a39f835b8a0dcb871cb624897531c371f5166"
"md","atdd-checklist-template","bmm","bmad/bmm/workflows/testarch/atdd/atdd-checklist-template.md","9944d7b488669bbc6e9ef537566eb2744e2541dad30a9b2d9d4ae4762f66b337"
"md","AUDIT-REPORT","bmm","bmad/bmm/workflows/4-implementation/dev-story/AUDIT-REPORT.md","1dc2f30299b35da8f659b3d8f2b0301bd2098fd90f1ea35364d752b0620259d0"
"md","backlog_template","bmm","bmad/bmm/workflows/4-implementation/code-review/backlog_template.md","84b1381c05012999ff9a8b036b11c8aa2f926db4d840d256b56d2fa5c11f4ef7"
"md","brownfield-guide","bmm","bmad/bmm/docs/brownfield-guide.md","083dbf565e3bbdbbb899b31fb201ec7e98e8cafbba4d5f539fe9019f3a21e8c7"
"md","checklist","bmm","bmad/bmm/workflows/1-analysis/product-brief/checklist.md","d801d792e3cf6f4b3e4c5f264d39a18b2992a197bc347e6d0389cc7b6c5905de"
"md","checklist","bmm","bmad/bmm/workflows/1-analysis/research/checklist.md","b5bce869ee1ffd1d7d7dee868c447993222df8ac85c4f5b18957b5a5b04d4499"
"md","checklist","bmm","bmad/bmm/workflows/2-plan-workflows/create-ux-design/checklist.md","1aa5bc2ad9409fab750ce55475a69ec47b7cdb5f4eac93b628bb5d9d3ea9dacb"
"md","checklist","bmm","bmad/bmm/workflows/2-plan-workflows/prd/checklist.md","c9cbd451aea761365884ce0e47b86261cff5c72a6ffac2451123484b79dd93d1"
"md","checklist","bmm","bmad/bmm/workflows/2-plan-workflows/tech-spec/checklist.md","fea852e71365e1eb28f452ea7b8b19c7418ca1598c2ee22349ff9e9a7811fec8"
"md","checklist","bmm","bmad/bmm/workflows/3-solutioning/architecture/checklist.md","aa0bd2bde20f45be77c5b43c38a1dfb90c41947ff8320f53150c5f8274680f14"
"md","checklist","bmm","bmad/bmm/workflows/3-solutioning/solutioning-gate-check/checklist.md","c458763b4f2f4e06e2663c111eab969892ee4e690a920b970603de72e0d9c025"
"md","checklist","bmm","bmad/bmm/workflows/4-implementation/code-review/checklist.md","549f958bfe0b28f33ed3dac7b76ea8f266630b3e67f4bda2d4ae85be518d3c89"
"md","checklist","bmm","bmad/bmm/workflows/4-implementation/correct-course/checklist.md","c02bdd4bf4b1f8ea8f7c7babaa485d95f7837818e74cef07486a20b31671f6f5"
"md","checklist","bmm","bmad/bmm/workflows/4-implementation/create-story/checklist.md","e3a636b15f010fc0c337e35c2a9427d4a0b9746f7f2ac5dda0b2f309f469f5d1"
"md","checklist","bmm","bmad/bmm/workflows/4-implementation/dev-story/checklist.md","77cecc9d45050de194300c841e7d8a11f6376e2fbe0a5aac33bb2953b1026014"
"md","checklist","bmm","bmad/bmm/workflows/4-implementation/epic-tech-context/checklist.md","630a0c5b75ea848a74532f8756f01ec12d4f93705a3f61fcde28bc42cdcb3cf3"
"md","checklist","bmm","bmad/bmm/workflows/4-implementation/sprint-planning/checklist.md","80b10aedcf88ab1641b8e5f99c9a400c8fd9014f13ca65befc5c83992e367dd7"
"md","checklist","bmm","bmad/bmm/workflows/4-implementation/story-context/checklist.md","29f17f8b5c0c4ded3f9ca7020b5a950ef05ae3c62c3fadc34fc41b0c129e13ca"
"md","checklist","bmm","bmad/bmm/workflows/document-project/checklist.md","54e260b60ba969ecd6ab60cb9928bc47b3733d7b603366e813eecfd9316533df"
"md","checklist","bmm","bmad/bmm/workflows/testarch/atdd/checklist.md","c4fa594d949dd8f1f818c11054b28643b458ab05ed90cf65f118deb1f4818e9f"
"md","checklist","bmm","bmad/bmm/workflows/testarch/automate/checklist.md","bf1ae220c15c9f263967d1606658b19adcd37d57aef2b0faa30d34f01e5b0d22"
"md","checklist","bmm","bmad/bmm/workflows/testarch/ci/checklist.md","b0a6233b7d6423721aa551ad543fa708ede1343313109bdc0cbd37673871b410"
"md","checklist","bmm","bmad/bmm/workflows/testarch/framework/checklist.md","d0f1008c374d6c2d08ba531e435953cf862cc280fcecb0cca8e9028ddeb961d1"
"md","checklist","bmm","bmad/bmm/workflows/testarch/nfr-assess/checklist.md","044416df40402db39eb660509eedadafc292c16edc247cf93812f2a325ee032c"
"md","checklist","bmm","bmad/bmm/workflows/testarch/test-design/checklist.md","17b95b1b316ab8d2fc9a2cd986ec5ef481cb4c285ea11651abd53c549ba762bb"
"md","checklist","bmm","bmad/bmm/workflows/testarch/test-review/checklist.md","0626c675114c23019e20e4ae2330a64baba43ad11774ff268c027b3c584a0891"
"md","checklist","bmm","bmad/bmm/workflows/testarch/trace/checklist.md","a4468ae2afa9cf676310ec1351bb34317d5390e4a02ded9684cc15a62f2fd4fd"
"md","checklist-deep-prompt","bmm","bmad/bmm/workflows/1-analysis/research/checklist-deep-prompt.md","1aa3eb0dd454decd55e656d3b6ed8aafe39baa5a042b754fd84083cfd59d5426"
"md","checklist-technical","bmm","bmad/bmm/workflows/1-analysis/research/checklist-technical.md","8f879eac05b729fa4d3536197bbc7cce30721265c5a81f8750698b27aa9ad633"
"md","ci-burn-in","bmm","bmad/bmm/testarch/knowledge/ci-burn-in.md","de0092c37ea5c24b40a1aff90c5560bbe0c6cc31702de55d4ea58c56a2e109af"
"md","component-tdd","bmm","bmad/bmm/testarch/knowledge/component-tdd.md","88bd1f9ca1d5bcd1552828845fe80b86ff3acdf071bac574eda744caf7120ef8"
"md","contract-testing","bmm","bmad/bmm/testarch/knowledge/contract-testing.md","d8f662c286b2ea4772213541c43aebef006ab6b46e8737ebdc4a414621895599"
"md","data-factories","bmm","bmad/bmm/testarch/knowledge/data-factories.md","d7428fe7675da02b6f5c4c03213fc5e542063f61ab033efb47c1c5669b835d88"
"md","deep-dive-instructions","bmm","bmad/bmm/workflows/document-project/workflows/deep-dive-instructions.md","5df994e4e77a2a64f98fb7af4642812378f15898c984fb4f79b45fb2201f0000"
"md","deep-dive-template","bmm","bmad/bmm/workflows/document-project/templates/deep-dive-template.md","6198aa731d87d6a318b5b8d180fc29b9aa53ff0966e02391c17333818e94ffe9"
"md","dev","bmm","bmad/bmm/agents/dev.md","694b43d454073bbbfa56c8ef843d084deda954710ed5c0f78656e7bd55458268"
"md","documentation-standards","bmm","bmad/bmm/workflows/techdoc/documentation-standards.md","fc26d4daff6b5a73eb7964eacba6a4f5cf8f9810a8c41b6949c4023a4176d853"
"md","email-auth","bmm","bmad/bmm/testarch/knowledge/email-auth.md","43f4cc3138a905a91f4a69f358be6664a790b192811b4dfc238188e826f6b41b"
"md","enterprise-agentic-development","bmm","bmad/bmm/docs/enterprise-agentic-development.md","6e8fa4765da3344a23ae04882df8b0245b37c0a20616968f32487a908836a875"
"md","epics-template","bmm","bmad/bmm/workflows/2-plan-workflows/prd/create-epics-and-stories/epics-template.md","d497e0f6db4411d8ee423c1cbbf1c0fa7bfe13ae5199a693c80b526afd417bb0"
"md","epics-template","bmm","bmad/bmm/workflows/2-plan-workflows/tech-spec/epics-template.md","bb05533e9c003a01edeff9553a7e9e65c255920668e1b71ad652b5642949fb69"
"md","error-handling","bmm","bmad/bmm/testarch/knowledge/error-handling.md","8a314eafb31e78020e2709d88aaf4445160cbefb3aba788b62d1701557eb81c1"
"md","faq","bmm","bmad/bmm/docs/faq.md","fc0592c32eef96a0003217c5e4f18bee821ff0d35895460819df91395225f083"
"md","feature-flags","bmm","bmad/bmm/testarch/knowledge/feature-flags.md","f6db7e8de2b63ce40a1ceb120a4055fbc2c29454ad8fca5db4e8c065d98f6f49"
"md","fixture-architecture","bmm","bmad/bmm/testarch/knowledge/fixture-architecture.md","a3b6c1bcaf5e925068f3806a3d2179ac11dde7149e404bc4bb5602afb7392501"
"md","full-scan-instructions","bmm","bmad/bmm/workflows/document-project/workflows/full-scan-instructions.md","f51b4444c5a44f098ce49c4ef27a50715b524c074d08c41e7e8c982df32f38b9"
"md","glossary","bmm","bmad/bmm/docs/glossary.md","1b8010c64dd92319b1104de818e97c0faca075496f7c0a4484509836857a589d"
"md","index-template","bmm","bmad/bmm/workflows/document-project/templates/index-template.md","42c8a14f53088e4fda82f26a3fe41dc8a89d4bcb7a9659dd696136378b64ee90"
"md","instructions","bmm","bmad/bmm/workflows/1-analysis/brainstorm-project/instructions.md","91c7b5649b9cc99e3698d1a6b1abd17b7567f4478156c8666107946bc43e51a8"
"md","instructions","bmm","bmad/bmm/workflows/1-analysis/domain-research/instructions.md","fb136f53c9f9c88ac54e810313eb8d1be43167adaeba6ada2a53f0861e558b16"
"md","instructions","bmm","bmad/bmm/workflows/1-analysis/product-brief/instructions.md","3c21ceb9f83789ea7ab7866497008fece1e525a7877c19fa3167ff85b110de1b"
"md","instructions","bmm","bmad/bmm/workflows/2-plan-workflows/create-ux-design/instructions.md","2164a42dcd80ea7a95030974502e9c43b50c369f52c804ae0c5d3c26cc57bb71"
"md","instructions","bmm","bmad/bmm/workflows/2-plan-workflows/prd/create-epics-and-stories/instructions.md","916247ffcab63737bb9853348b4ac9212c5ab06d5caccdb83248f96bf81d29f6"
"md","instructions","bmm","bmad/bmm/workflows/2-plan-workflows/prd/instructions.md","22a7d64903948684b746131ed4eb29b83d848c21abf0f534ca8bb66e6c8070ce"
"md","instructions","bmm","bmad/bmm/workflows/2-plan-workflows/tech-spec/instructions.md","51389527c9adcbd13f121314b9af0dda033f3aa98f04f1a5082e3b410e399747"
"md","instructions","bmm","bmad/bmm/workflows/3-solutioning/architecture/instructions.md","6ea2b19232eb015008f990a48c9cb882216334af89996bcd7245c96ab3ca57b3"
"md","instructions","bmm","bmad/bmm/workflows/3-solutioning/solutioning-gate-check/instructions.md","2d11c6d5fb71a4600d258fc9fa4e432d3638eca00f5c7f89be20d0d72a300ad0"
"md","instructions","bmm","bmad/bmm/workflows/4-implementation/code-review/instructions.md","bdbe77cdaf7dd6d35b2e64c97568e4c66c48e8f579e8ea72641c534b99fe2383"
"md","instructions","bmm","bmad/bmm/workflows/4-implementation/correct-course/instructions.md","496d491641f4fd47579d50e8e435a37df7fc565e707c1fdfebbc931ba294b728"
"md","instructions","bmm","bmad/bmm/workflows/4-implementation/create-story/instructions.md","8f691838e0f9aa694a42e32357983e3978a5ba28e98bb32450f5feb75aff20ba"
"md","instructions","bmm","bmad/bmm/workflows/4-implementation/dev-story/instructions.md","715706691014a922f700542c12e0087895f7c5d03c6b2b33306447d3eb67475b"
"md","instructions","bmm","bmad/bmm/workflows/4-implementation/epic-tech-context/instructions.md","f3462577a9ca798ea9ffad066f0f1f811390be019b1cafbfea7fd09322e7f71a"
"md","instructions","bmm","bmad/bmm/workflows/4-implementation/retrospective/instructions.md","b85b936e49c2bd63c0a3b71df265ff2e09d201ee8c90d23e30ed134820ae6e3e"
"md","instructions","bmm","bmad/bmm/workflows/4-implementation/sprint-planning/instructions.md","edfa3612103ff1d32f063a86139d8500aa83b5f0b5982bd6084f5cbd520e7be4"
"md","instructions","bmm","bmad/bmm/workflows/4-implementation/story-context/instructions.md","d4c2f611e887b660b94b681eaa7709ae5f807c99ee0767d8a5f6ff6985366bd5"
"md","instructions","bmm","bmad/bmm/workflows/4-implementation/story-done/instructions.md","52163e1df2e75f1d34cad513b386ac73bada53784e827cca28d0ea9f05dc8ec4"
"md","instructions","bmm","bmad/bmm/workflows/4-implementation/story-ready/instructions.md","92e97b5803ba75883c995c5282aa90b7c4392e0d9c5fe0a5949ce432a3574813"
"md","instructions","bmm","bmad/bmm/workflows/document-project/instructions.md","c67bd666382131bead7d4ace1ac6f0c9acd2d1d1b2a82314b4b90bda3a15eeb4"
"md","instructions","bmm","bmad/bmm/workflows/testarch/atdd/instructions.md","dcd052e78a069e9548d66ba679ed5db66e94b8ef5b3a02696837b77a641abcad"
"md","instructions","bmm","bmad/bmm/workflows/testarch/automate/instructions.md","8e6cb0167b14b345946bb7e46ab2fb02a9ff2faab9c3de34848e2d4586626960"
"md","instructions","bmm","bmad/bmm/workflows/testarch/ci/instructions.md","abdf97208c19d0cb76f9e5387613a730e56ddd90eb87523a8c8f1b03f20647a3"
"md","instructions","bmm","bmad/bmm/workflows/testarch/framework/instructions.md","936b9770dca2c65b38bc33e2e85ccf61e0b5722fc046eeae159a3efcbc361e30"
"md","instructions","bmm","bmad/bmm/workflows/testarch/nfr-assess/instructions.md","7de16907253721c8baae2612be35325c6fa543765377783763a09739fa71f072"
"md","instructions","bmm","bmad/bmm/workflows/testarch/test-design/instructions.md","878c45fd814f97a93fc0ee9d90e1454f0fa3c9e5a077033b6fd52eab6d7b506c"
"md","instructions","bmm","bmad/bmm/workflows/testarch/test-review/instructions.md","ab2f7adfd106652014a1573e2557cfd4c9d0f7017258d68abf8b1470ab82720e"
"md","instructions","bmm","bmad/bmm/workflows/testarch/trace/instructions.md","fe499a09c4bebbff0a0bce763ced2c36bee5c36b268a4abb4e964a309ff2fa20"
"md","instructions","bmm","bmad/bmm/workflows/workflow-status/init/instructions.md","dd96026675ecb8d24dbc4e057d5eeacd2bc8878bd3eac53ea8937f7f42154d4c"
"md","instructions","bmm","bmad/bmm/workflows/workflow-status/instructions.md","1faa787f278a2ee95b418e82475be6f24a09f4bb566f5544c8585ed410cf62b2"
"md","instructions-deep-prompt","bmm","bmad/bmm/workflows/1-analysis/research/instructions-deep-prompt.md","0f06e808bb5793e4a4ec59cf8c6a3ad53e822c2aa0f0ccef6406d26bd1fa08f7"
"md","instructions-level0-story","bmm","bmad/bmm/workflows/2-plan-workflows/tech-spec/instructions-level0-story.md","d151a30816d6231fbd8b44e6d3503a986b4344dd03fc756670002adc501b0cda"
"md","instructions-level1-stories","bmm","bmad/bmm/workflows/2-plan-workflows/tech-spec/instructions-level1-stories.md","849f9c055584c895a8778c9a916c5db777fdac575f709c40ddda660450190ed6"
"md","instructions-market","bmm","bmad/bmm/workflows/1-analysis/research/instructions-market.md","ecd2315e72edb569f46e94f5958fac115b44807cab769a3e55c3b80e58136447"
"md","instructions-router","bmm","bmad/bmm/workflows/1-analysis/research/instructions-router.md","a55dae293e8a97fc6f6672cd57f3d1f7c94802954c9124a8cc4eec12fb667c71"
"md","instructions-technical","bmm","bmad/bmm/workflows/1-analysis/research/instructions-technical.md","47b653bd61f6a3fe4ba89b53a7b8a9383560adfce6bf8acf24f6acc594eceb44"
"md","network-first","bmm","bmad/bmm/testarch/knowledge/network-first.md","2920e58e145626f5505bcb75e263dbd0e6ac79a8c4c2ec138f5329e06a6ac014"
"md","nfr-criteria","bmm","bmad/bmm/testarch/knowledge/nfr-criteria.md","e63cee4a0193e4858c8f70ff33a497a1b97d13a69da66f60ed5c9a9853025aa1"
"md","nfr-report-template","bmm","bmad/bmm/workflows/testarch/nfr-assess/nfr-report-template.md","b1d8fcbdfc9715a285a58cb161242dea7d311171c09a2caab118ad8ace62b80c"
"md","party-mode","bmm","bmad/bmm/docs/party-mode.md","7acadc96c7235695a88cba42b5642e1ee3a7f96eb2264862f629e1d4280b9761"
"md","playwright-config","bmm","bmad/bmm/testarch/knowledge/playwright-config.md","42516511104a7131775f4446196cf9e5dd3295ba3272d5a5030660b1dffaa69f"
"md","pm","bmm","bmad/bmm/agents/pm.md","575c091d17651a04e2fa52a88f72c916584ad7d415c508043c5c83a49948cceb"
"md","prd-template","bmm","bmad/bmm/workflows/2-plan-workflows/prd/prd-template.md","cf79921e432b992048af21cb4c87ca5cbc14cdf6e279324b3d5990a7f2366ec4"
"md","probability-impact","bmm","bmad/bmm/testarch/knowledge/probability-impact.md","446dba0caa1eb162734514f35366f8c38ed3666528b0b5e16c7f03fd3c537d0f"
"md","project-context","bmm","bmad/bmm/workflows/1-analysis/brainstorm-project/project-context.md","0f1888da4bfc4f24c4de9477bd3ccb2a6fb7aa83c516dfdc1f98fbd08846d4ba"
"md","project-overview-template","bmm","bmad/bmm/workflows/document-project/templates/project-overview-template.md","a7c7325b75a5a678dca391b9b69b1e3409cfbe6da95e70443ed3ace164e287b2"
"md","quick-spec-flow","bmm","bmad/bmm/docs/quick-spec-flow.md","215d508d27ea94e0091fc32f8dce22fadf990b3b9d8b397e2c393436934f85af"
"md","quick-start","bmm","bmad/bmm/docs/quick-start.md","88946558a87bd2eb38990cff74f29b6ef4f81db6f961500f9ca626d168cd0fce"
"md","README","bmm","bmad/bmm/README.md","ad4e6d0c002e3a5fef1b695bda79e245fe5a43345375c699165b32d6fc511457"
"md","README","bmm","bmad/bmm/docs/README.md","27a835cbc5ed50e4b076d8f0d9454c8e6b6826e69d72ec010df904e891023493"
"md","risk-governance","bmm","bmad/bmm/testarch/knowledge/risk-governance.md","2fa2bc3979c4f6d4e1dec09facb2d446f2a4fbc80107b11fc41cbef2b8d65d68"
"md","scale-adaptive-system","bmm","bmad/bmm/docs/scale-adaptive-system.md","f1bdaac7e6cf96dc115d8fd86c7dc499892ad745a1330221fedbaae1188c6a24"
"md","selective-testing","bmm","bmad/bmm/testarch/knowledge/selective-testing.md","c14c8e1bcc309dbb86a60f65bc921abf5a855c18a753e0c0654a108eb3eb1f1c"
"md","selector-resilience","bmm","bmad/bmm/testarch/knowledge/selector-resilience.md","a55c25a340f1cd10811802665754a3f4eab0c82868fea61fea9cc61aa47ac179"
"md","sm","bmm","bmad/bmm/agents/sm.md","5c12ef2653612145b25e672333e11686ba20d514c34acd90487355f51abd11ab"
"md","source-tree-template","bmm","bmad/bmm/workflows/document-project/templates/source-tree-template.md","109bc335ebb22f932b37c24cdc777a351264191825444a4d147c9b82a1e2ad7a"
"md","tea","bmm","bmad/bmm/agents/tea.md","e1366956caa0e9ed3f0c35a515cf6f4d8c9cef30c91518fb9deb208198c2b7ab"
"md","tech-spec-template","bmm","bmad/bmm/workflows/2-plan-workflows/tech-spec/tech-spec-template.md","2b07373b7b23f71849f107b8fd4356fef71ba5ad88d7f333f05547da1d3be313"
"md","tech-writer","bmm","bmad/bmm/agents/tech-writer.md","2ab53b83669b84424a3a2df455eababa028c9951ffe8c239bfa741912fd260f3"
"md","template","bmm","bmad/bmm/workflows/1-analysis/domain-research/template.md","5606843f77007d886cc7ecf1fcfddd1f6dfa3be599239c67eff1d8e40585b083"
"md","template","bmm","bmad/bmm/workflows/1-analysis/product-brief/template.md","96f89df7a4dabac6400de0f1d1abe1f2d4713b76fe9433f31c8a885e20d5a5b4"
"md","template","bmm","bmad/bmm/workflows/3-solutioning/solutioning-gate-check/template.md","11c3b7573991c001a7f7780daaf5e5dfa4c46c3ea1f250c5bbf86c5e9f13fc8b"
"md","template","bmm","bmad/bmm/workflows/4-implementation/create-story/template.md","83c5d21312c0f2060888a2a8ba8332b60f7e5ebeb9b24c9ee59ba96114afb9c9"
"md","template","bmm","bmad/bmm/workflows/4-implementation/epic-tech-context/template.md","b5c5d0686453b7c9880d5b45727023f2f6f8d6e491b47267efa8f968f20074e3"
"md","template-deep-prompt","bmm","bmad/bmm/workflows/1-analysis/research/template-deep-prompt.md","2e65c7d6c56e0fa3c994e9eb8e6685409d84bc3e4d198ea462fa78e06c1c0932"
"md","template-market","bmm","bmad/bmm/workflows/1-analysis/research/template-market.md","e5e59774f57b2f9b56cb817c298c02965b92c7d00affbca442366638cd74d9ca"
"md","template-technical","bmm","bmad/bmm/workflows/1-analysis/research/template-technical.md","78caa56ba6eb6922925e5aab4ed4a8245fe744b63c245be29a0612135851f4ca"
"md","test-architecture","bmm","bmad/bmm/docs/test-architecture.md","13342dd006b91cd445dcf5a868541b1cf59b40022227e8c87b66669862e993bf"
"md","test-design-template","bmm","bmad/bmm/workflows/testarch/test-design/test-design-template.md","cbbc3e3d097dfd31784b9447d07b4b4f4c63dadf2ba0968671ec862da8c30d27"
"md","test-healing-patterns","bmm","bmad/bmm/testarch/knowledge/test-healing-patterns.md","b44f7db1ebb1c20ca4ef02d12cae95f692876aee02689605d4b15fe728d28fdf"
"md","test-levels-framework","bmm","bmad/bmm/testarch/knowledge/test-levels-framework.md","80bbac7959a47a2e7e7de82613296f906954d571d2d64ece13381c1a0b480237"
"md","test-priorities-matrix","bmm","bmad/bmm/testarch/knowledge/test-priorities-matrix.md","321c3b708cc19892884be0166afa2a7197028e5474acaf7bc65c17ac861964a5"
"md","test-quality","bmm","bmad/bmm/testarch/knowledge/test-quality.md","97b6db474df0ec7a98a15fd2ae49671bb8e0ddf22963f3c4c47917bb75c05b90"
"md","test-review-template","bmm","bmad/bmm/workflows/testarch/test-review/test-review-template.md","3e68a73c48eebf2e0b5bb329a2af9e80554ef443f8cd16652e8343788f249072"
"md","timing-debugging","bmm","bmad/bmm/testarch/knowledge/timing-debugging.md","c4c87539bbd3fd961369bb1d7066135d18c6aad7ecd70256ab5ec3b26a8777d9"
"md","trace-template","bmm","bmad/bmm/workflows/testarch/trace/trace-template.md","5453a8e4f61b294a1fc0ba42aec83223ae1bcd5c33d7ae0de6de992e3ee42b43"
"md","user-story-template","bmm","bmad/bmm/workflows/2-plan-workflows/tech-spec/user-story-template.md","4b179d52088745060991e7cfd853da7d6ce5ac0aa051118c9cecea8d59bdaf87"
"md","ux-design-template","bmm","bmad/bmm/workflows/2-plan-workflows/create-ux-design/ux-design-template.md","f9b8ae0fe08c6a23c63815ddd8ed43183c796f266ffe408f3426af1f13b956db"
"md","ux-designer","bmm","bmad/bmm/agents/ux-designer.md","a2a707cc5e5fb3b595fb199baa281a66c0ad9240808be7c04696d62597130173"
"md","visual-debugging","bmm","bmad/bmm/testarch/knowledge/visual-debugging.md","072a3d30ba6d22d5e628fc26a08f6e03f8b696e49d5a4445f37749ce5cd4a8a9"
"md","workflow-architecture-reference","bmm","bmad/bmm/docs/workflow-architecture-reference.md","ce6c43a7f90e7b31655dd1bc9632cda700e105315f5ef25067319792274b2283"
"md","workflow-document-project-reference","bmm","bmad/bmm/docs/workflow-document-project-reference.md","464819d23cc4bc88b20c8a668669ae7a6bc7bcb5e4aaa1d0f0998f35ff7ad8df"
"md","workflows-analysis","bmm","bmad/bmm/docs/workflows-analysis.md","4dd00c829adcf881ecb96e083f754a4ce109159cfdaff8a5a856590ba33f1d74"
"md","workflows-implementation","bmm","bmad/bmm/docs/workflows-implementation.md","d9d22fd7e11a5586f4c93d38f88fd93e4203d31d3388ad2d0de439cc8d35df79"
"md","workflows-planning","bmm","bmad/bmm/docs/workflows-planning.md","b713c4b5c3275daa8285fa5e8a18d9e2b6d38c66cbb77e302c15b40ea9bb3029"
"md","workflows-solutioning","bmm","bmad/bmm/docs/workflows-solutioning.md","193b6bfdafcf802b9ff6f39d1bea4fe09d788e3b2bbfe9ff034019c9a3fba696"
"xml","context-template","bmm","bmad/bmm/workflows/4-implementation/story-context/context-template.xml","582374f4d216ba60f1179745b319bbc2becc2ac92d7d8a19ac3273381a5c2549"
"xml","daily-standup","bmm","bmad/bmm/tasks/daily-standup.xml","e7260fff0437543d980ba0aa031169a2fcbbcb82283d722fd62bae063ffdfa7a"
"yaml","analyst.agent","bmm","bmad/bmm/agents/analyst.agent.yaml",""
"yaml","architect.agent","bmm","bmad/bmm/agents/architect.agent.yaml",""
"yaml","architecture-patterns","bmm","bmad/bmm/workflows/3-solutioning/architecture/architecture-patterns.yaml","9394c1e632e01534f7a1afd676de74b27f1868f58924f21b542af3631679c552"
"yaml","config","bmm","bmad/bmm/config.yaml","6617b4d418cc2f4cb60ebd0bd26ce50f65f6abc3f99270cf869aa82f01b9523f"
"yaml","decision-catalog","bmm","bmad/bmm/workflows/3-solutioning/architecture/decision-catalog.yaml","f7fc2ed6ec6c4bd78ec808ad70d24751b53b4835e0aad1088057371f545d3c82"
"yaml","deep-dive","bmm","bmad/bmm/workflows/document-project/workflows/deep-dive.yaml","c401fb8d94ca96f3bb0ccc1146269e1bfa4ce4eadab52bd63c7fcff6c2f26216"
"yaml","dev.agent","bmm","bmad/bmm/agents/dev.agent.yaml",""
"yaml","enterprise-brownfield","bmm","bmad/bmm/workflows/workflow-status/paths/enterprise-brownfield.yaml","8b81f8b51f6575b92f8b490694e5f538aad9644c86119ccd6e2b727c7c232ef7"
"yaml","enterprise-greenfield","bmm","bmad/bmm/workflows/workflow-status/paths/enterprise-greenfield.yaml","040727a03c69aac1ac980ec3d708f7e64f083640fe1e724b3f09b9880f400e5a"
"yaml","full-scan","bmm","bmad/bmm/workflows/document-project/workflows/full-scan.yaml","3d2e620b58902ab63e2d83304180ecd22ba5ab07183b3afb47261343647bde6f"
"yaml","game-design","bmm","bmad/bmm/workflows/workflow-status/paths/game-design.yaml","f5228c1cd593348f03824535e19a6c41b926a49a0c63ca320a2cd2e0d8b11976"
"yaml","github-actions-template","bmm","bmad/bmm/workflows/testarch/ci/github-actions-template.yaml","28c0de7c96481c5a7719596c85dd0ce8b5dc450d360aeaa7ebf6294dcf4bea4c"
"yaml","gitlab-ci-template","bmm","bmad/bmm/workflows/testarch/ci/gitlab-ci-template.yaml","bc83b9240ad255c6c2a99bf863b9e519f736c99aeb4b1e341b07620d54581fdc"
"yaml","injections","bmm","bmad/bmm/workflows/1-analysis/research/claude-code/injections.yaml","dd6dd6e722bf661c3c51d25cc97a1e8ca9c21d517ec0372e469364ba2cf1fa8b"
"yaml","method-brownfield","bmm","bmad/bmm/workflows/workflow-status/paths/method-brownfield.yaml","6f4c6b508d3af2eba1409d48543e835d07ec4d453fa34fe53a2c7cbb91658969"
"yaml","method-greenfield","bmm","bmad/bmm/workflows/workflow-status/paths/method-greenfield.yaml","1eb8232eca4cb915acecbc60fe3495c6dcc8d2241393ee42d62b5f491d7c223e"
"yaml","pm.agent","bmm","bmad/bmm/agents/pm.agent.yaml",""
"yaml","project-levels","bmm","bmad/bmm/workflows/workflow-status/project-levels.yaml","414b9aefff3cfe864e8c14b55595abfe3157fd20d9ee11bb349a2b8c8e8b5449"
"yaml","quick-flow-brownfield","bmm","bmad/bmm/workflows/workflow-status/paths/quick-flow-brownfield.yaml","0d8837a07efaefe06b29c1e58fee982fafe6bbb40c096699bd64faed8e56ebf8"
"yaml","quick-flow-greenfield","bmm","bmad/bmm/workflows/workflow-status/paths/quick-flow-greenfield.yaml","c6eae1a3ef86e87bd48a285b11989809526498dc15386fa949279f2e77b011d5"
"yaml","sample-level-3-workflow","bmm","bmad/bmm/workflows/workflow-status/sample-level-3-workflow.yaml","036b27d39d3a845abed38725d816faca1452651c0b90f30f6e3adc642c523c6f"
"yaml","sm.agent","bmm","bmad/bmm/agents/sm.agent.yaml",""
"yaml","sprint-status-template","bmm","bmad/bmm/workflows/4-implementation/sprint-planning/sprint-status-template.yaml","314af29f980b830cc2f67b32b3c0c5cc8a3e318cc5b2d66ff94540e5c80e3aca"
"yaml","tea.agent","bmm","bmad/bmm/agents/tea.agent.yaml",""
"yaml","team-fullstack","bmm","bmad/bmm/teams/team-fullstack.yaml","da8346b10dfad8e1164a11abeb3b0a84a1d8b5f04e01e8490a44ffca477a1b96"
"yaml","tech-writer.agent","bmm","bmad/bmm/agents/tech-writer.agent.yaml",""
"yaml","ux-designer.agent","bmm","bmad/bmm/agents/ux-designer.agent.yaml",""
"yaml","validation-criteria","bmm","bmad/bmm/workflows/3-solutioning/solutioning-gate-check/validation-criteria.yaml","d690edf5faf95ca1ebd3736e01860b385b05566da415313d524f4db12f9a5af4"
"yaml","workflow","bmm","bmad/bmm/workflows/1-analysis/brainstorm-project/workflow.yaml","38d859ea65db2cc2eebb0dbf1679711dad92710d8da2c2d9753b852055abd970"
"yaml","workflow","bmm","bmad/bmm/workflows/1-analysis/domain-research/workflow.yaml","03ecc394a1a6f1e345e95173231b981e7acb09d0017560727327090c44b7de35"
"yaml","workflow","bmm","bmad/bmm/workflows/1-analysis/product-brief/workflow.yaml","69c3ec3a42e638d44ccae5e0cf6e068e67f4689f3692d1efac184152e27698a8"
"yaml","workflow","bmm","bmad/bmm/workflows/1-analysis/research/workflow.yaml","3489d4989ad781f67909269e76b439122246d667d771cbb64988e4624ee2572a"
"yaml","workflow","bmm","bmad/bmm/workflows/2-plan-workflows/create-ux-design/workflow.yaml","f9e680c0d7fdecf691dd9eecb0792f232f00cc5cdee18b3aa9946e5766e876d5"
"yaml","workflow","bmm","bmad/bmm/workflows/2-plan-workflows/prd/create-epics-and-stories/workflow.yaml","96645d267020a88d8bfe83ab893ffcb47d9ce7b2b69093db63026b9f76eaa517"
"yaml","workflow","bmm","bmad/bmm/workflows/2-plan-workflows/prd/workflow.yaml","292c2273f1b22fe16f2a4c602db68b7adb3affa77dfaeb26f801676edc288b73"
"yaml","workflow","bmm","bmad/bmm/workflows/2-plan-workflows/tech-spec/workflow.yaml","d9b6e9405f44de954f83c2328a95a4e10479c292b84ed28a756f5712fc12be17"
"yaml","workflow","bmm","bmad/bmm/workflows/3-solutioning/architecture/workflow.yaml","3ff2ce0d789e1dd73e4427aada3853ac5532cb054559d70f1bc933087e69f4e1"
"yaml","workflow","bmm","bmad/bmm/workflows/3-solutioning/solutioning-gate-check/workflow.yaml","f17268e08ec2b63cf2d109ee42269223117d0330728e960d1105106efd8462b4"
"yaml","workflow","bmm","bmad/bmm/workflows/4-implementation/code-review/workflow.yaml","840cef147c273f94713b01333e5b990f93ca8cd788ac0d0a76fbc120b11b79da"
"yaml","workflow","bmm","bmad/bmm/workflows/4-implementation/correct-course/workflow.yaml","79663be356876f0734dc24349c2db14a0f27ab53eb635e2ca22d052ccf88ca06"
"yaml","workflow","bmm","bmad/bmm/workflows/4-implementation/create-story/workflow.yaml","8bd7c00dba2e69443f1532d576d0a0c3caa667950161082e866a6b446051e484"
"yaml","workflow","bmm","bmad/bmm/workflows/4-implementation/dev-story/workflow.yaml","cef3d12648ba38aa41662490101516384c9b9cd13b0119a7b2f0b0e563e8b1c6"
"yaml","workflow","bmm","bmad/bmm/workflows/4-implementation/epic-tech-context/workflow.yaml","e6f3fa1b72c0a6a02aa59ed86b59b067a23c8d197f9ddec951ac63303c24c928"
"yaml","workflow","bmm","bmad/bmm/workflows/4-implementation/retrospective/workflow.yaml","6ef70796f28fd9eef4b98e45174941f5ae8f110d8fdaba88f6f831e46ae1d458"
"yaml","workflow","bmm","bmad/bmm/workflows/4-implementation/sprint-planning/workflow.yaml","eb82a8fbd7938e60b69cc02c28153b0fcffa0c6a5e947f5de0a2aeeefce8fdad"
"yaml","workflow","bmm","bmad/bmm/workflows/4-implementation/story-context/workflow.yaml","f579fc95951f5f32850b94e863ed3bd730fa5822e2b5a65dd14b888056930e18"
"yaml","workflow","bmm","bmad/bmm/workflows/4-implementation/story-done/workflow.yaml","5470150dde72330fbc33d716685b24d7e6b2188ff4285557c3ba395bf2d2f745"
"yaml","workflow","bmm","bmad/bmm/workflows/4-implementation/story-ready/workflow.yaml","74bf06e0adaa3c4c9934e49e071fc71cee5f42635d5715050ca77785f73453be"
"yaml","workflow","bmm","bmad/bmm/workflows/document-project/workflow.yaml","36b65f562bb94eb819728d819e66fd5a23d1b98d1766050c998fd6feaf3df8f6"
"yaml","workflow","bmm","bmad/bmm/workflows/testarch/atdd/workflow.yaml","06474fa7f23657d4145a214771a68e7d894e4488cc5a82c943dad765601f48be"
"yaml","workflow","bmm","bmad/bmm/workflows/testarch/automate/workflow.yaml","e733691f1613e6c55d28a42f745cf396a6f62b62968ff9c42cdb53b2ac3cadcb"
"yaml","workflow","bmm","bmad/bmm/workflows/testarch/ci/workflow.yaml","87ca4dceeaa74f6c151d4add6541ed9b8376aa3015c9e4532c8bfc1b93e0abe9"
"yaml","workflow","bmm","bmad/bmm/workflows/testarch/framework/workflow.yaml","e2efafaeabfe9c608df7545e442f25e0518e50b9b48d5bcef61cf5e0b1daadb0"
"yaml","workflow","bmm","bmad/bmm/workflows/testarch/nfr-assess/workflow.yaml","5bf4a2dede46943bb449ac51cc07335d350cfb8a270f82fffbe5fae921ac6d72"
"yaml","workflow","bmm","bmad/bmm/workflows/testarch/test-design/workflow.yaml","581e91cb914a02b9ae79d1d139264e1dfba663072b6d09dca3250720835fdc60"
"yaml","workflow","bmm","bmad/bmm/workflows/testarch/test-review/workflow.yaml","7c05fab368e2211c97bc9ba92556d6047de4535a28792731215151ef8bf497c5"
"yaml","workflow","bmm","bmad/bmm/workflows/testarch/trace/workflow.yaml","51c96a9c007ca3ef2d39fa199f2d8c7cb33506b20775ef51f80624fc272cd66f"
"yaml","workflow","bmm","bmad/bmm/workflows/workflow-status/init/workflow.yaml","1e7c79004ff86abe939796e29a9d19fd72c020e66a8851ab8515c4ed8424e4b3"
"yaml","workflow","bmm","bmad/bmm/workflows/workflow-status/workflow.yaml","6a1ad67ec954660fd8e7433b55ab3b75e768f7efa33aad36cf98cdbc2ef6575b"
"yaml","workflow-status-template","bmm","bmad/bmm/workflows/workflow-status/workflow-status-template.yaml","6021202726d2b81f28908ffeb93330d25bcd52986823200e01b814d67c1677dd"
"csv","adv-elicit-methods","core","bmad/core/tasks/adv-elicit-methods.csv","b4e925870f902862899f12934e617c3b4fe002d1b652c99922b30fa93482533b"
"csv","brain-methods","core","bmad/core/workflows/brainstorming/brain-methods.csv","ecffe2f0ba263aac872b2d2c95a3f7b1556da2a980aa0edd3764ffb2f11889f3"
"md","bmad-master","core","bmad/core/agents/bmad-master.md","684b7872611e5979fbe420e0c96e9910355e181b49aed0317d872381e154e299"
"md","instructions","core","bmad/core/workflows/brainstorming/instructions.md","f737f1645d0f7af37fddd1d4ac8a387f26999d0be5748ce41bdbcf2b89738413"
"md","instructions","core","bmad/core/workflows/party-mode/instructions.md","768a835653fea54cbf4f7136e19f968add5ccf4b1dbce5636c5268d74b1b7181"
"md","README","core","bmad/core/workflows/brainstorming/README.md","1265e0283a3741c7137804089a5043452a789688da3274a188a75d9b6f89eb38"
"md","template","core","bmad/core/workflows/brainstorming/template.md","b5c760f4cea2b56c75ef76d17a87177b988ac846657f4b9819ec125d125b7386"
"xml","adv-elicit","core","bmad/core/tasks/adv-elicit.xml","4f45442af426a269c0af709348efe431e335ff45bb8eda7d01e7d100c57e03b9"
"xml","bmad-web-orchestrator.agent","core","bmad/core/agents/bmad-web-orchestrator.agent.xml","ac09744c3ad70443fbe6873d6a1345c09ad4ab1fe3e310e3230c912967cb51e9"
"xml","index-docs","core","bmad/core/tasks/index-docs.xml","c6a9d79628fd1246ef29e296438b238d21c68f50eadb16219ac9d6200cf03628"
"xml","shard-doc","core","bmad/core/tools/shard-doc.xml","f2ec685bd3f9ca488c47c494b344b8cff1854d5439c7207182e08ecfa0bb4a07"
"xml","validate-workflow","core","bmad/core/tasks/validate-workflow.xml","63580411c759ee317e58da8bda6ceba27dbf9d3742f39c5c705afcd27361a9ee"
"xml","workflow","core","bmad/core/tasks/workflow.xml","f7500bdc26a0d4630674000788d9dbc376b03347aea221b90afcdbb0a1e569d7"
"yaml","bmad-master.agent","core","bmad/core/agents/bmad-master.agent.yaml",""
"yaml","config","core","bmad/core/config.yaml","91dc02e82056a74cbd61d3d3abfb22b310b1017024c0c69c1bb32cfba5fe9ed6"
"yaml","workflow","core","bmad/core/workflows/brainstorming/workflow.yaml","0af588d7096facdd79c701b37463b6a0e497b0b4339a951d7d3342d8a48fe6c1"
"yaml","workflow","core","bmad/core/workflows/party-mode/workflow.yaml","413879486320edfe88501892ea68cb88f6d44dcd54e9c12fb24b0ae4dbdb81dc"
